Category,Family Name,Crop,Crop Type,Variety,Planting Method,Harvest Stage,GH Sow Date,Days to 1st potting up,1st Potting up date,Days to 2nd Potting up,2nd Potting up date,Days to 3rd Potting up,3rd Potting up date,Days In Greenhouse,Field Sowing Planting Date,DTM,Harvest Window,First Harvest,Last Harvest,Planting Amount,Location,In-Row Spacing,In-Row Spacing Unit,Rows Per Bed,# Of Flats,Flat/pot type,Seeds per cell,Estimated loss,Total Transplants,Total Seed Needed,Average seed weight,Average seed weight unit,Total Weight Needed,Total Weight Needed Unit,Extra Seed %,Seed spec,1st Potting up flat/pot type,1st Potting up plants per cell/pot,1st Potting up # of flats/pots,2nd Potting up flat/pot type,2nd Potting up plants per cell/pot,2nd Potting up # of flats/pots,3rd Potting up flat/pot type,3rd Potting up plants per cell/pot,3rd Potting up # of flats/pots,Harvest Unit,Avg Yield Rate,Avg. Sales Price,Est. Yield,Est. Revenue,Est. Rev./unit,Growing Cycle,Rootstock,Harvest Season,First Fruiting Year,Between row spacing,Notes,Seeder,Front gear,Rear geat,Roller plate
Flowers,Amaranthaceae,Amaranthus,Amaranthus,Green Tails,Greenhouse Sow,,03/26/2020,,,,,,,,04/23/2020,75,17,07/07/2020,07/24/2020,10 bed ft.,"The Back Field,L9,Block Folage,Beds 3",12.0,in,4,0.58,72 cell flats,2,5,42,84,48000,seeds/oz,0.00,oz,0.00,,,,,,,,,,,Stems,0.000 st/row ft,$0.00/st,0.0 ,$0.00,$0.00/row ft.,Annual,,,,,,,,,
Flowers,Amaranthaceae,Amaranthus,Amaranthus,Hot Biscuits,Greenhouse Sow,,04/25/2020,,,,,,,,05/23/2020,75,17,08/06/2020,08/23/2020,10 bed ft.,"The Back Field,L10,Block Folage,Beds 4",12.0,in,4,0.58,72 cell flats,2,5,42,84,48000,seeds/oz,0.00,oz,0.00,,,,,,,,,,,Stems,0.000 st/row ft,$0.00/st,0.0 ,$0.00,$0.00/row ft.,Annual,,,,,,,,,
Flowers,Amaranthaceae,Amaranthus,Amaranthus,Green Tails,Greenhouse Sow,,04/25/2020,,,,,,,,05/23/2020,75,17,08/06/2020,08/23/2020,10 bed ft.,"The Back Field,L10,Block Folage,Beds 5",12.0,in,4,0.58,72 cell flats,2,5,42,84,48000,seeds/oz,0.00,oz,0.00,,,,,,,,,,,Stems,0.000 st/row ft,$0.00/st,0.0 ,$0.00,$0.00/row ft.,Annual,,,,,,,,,
Flowers,Amaranthaceae,Amaranthus,Amaranthus,Hot Biscuits,Greenhouse Sow,,05/25/2020,,,,,,,,06/22/2020,75,17,09/05/2020,09/22/2020,10 bed ft.,"The Back Field,L10,Block Folage,Beds 9",12.0,in,4,0.58,72 cell flats,2,5,42,84,48000,seeds/oz,0.00,oz,0.00,,,,,,,,,,,Stems,0.000 /row ft,$0.00/st,0.0 ,$0.00,$0.00/row ft.,Annual,,,,,,,,,
Flowers,Apiaceae,Ammi (False Queen Anne's Lace),Ammi (False Queen Anne's Lace),Chocolate Lace,Greenhouse Sow,,02/26/2020,,,,,,,,04/15/2020,100,42,07/24/2020,09/04/2020,10 bed ft.,"The Back Field,L6,Block Filler,Beds 2",12.0,in,4,0.58,72 cell flats,2,5,42,84,38833,seeds/oz,0.00,oz,0.00,,,,,,,,,,,Stems,0.000 st/row ft,$0.00/st,0.0 ,$0.00,$0.00/row ft.,Annual,,,,,,,,,
Flowers,Apiaceae,Ammi (False Queen Anne's Lace),Ammi (False Queen Anne's Lace),Green Mist,Greenhouse Sow,,02/26/2020,,,,,,,,04/15/2020,100,42,07/24/2020,09/04/2020,10 bed ft.,"The Back Field,L6,Block Filler,Beds 3",12.0,in,4,0.58,72 cell flats,2,5,42,84,38833,seeds/oz,0.00,oz,0.00,,,,,,,,,,,Stems,0.000 st/row ft,$0.00/st,0.0 ,$0.00,$0.00/row ft.,Annual,,,,,,,,,
Flowers,Apiaceae,Ammi (False Queen Anne's Lace),Ammi (False Queen Anne's Lace),Green Mist,Greenhouse Sow,,03/18/2020,,,,,,,,05/06/2020,100,42,08/14/2020,09/25/2020,20 bed ft.,"The Back Field,L7,Block Filler,Beds 3",12.0,in,4,1.17,72 cell flats,2,5,84,168,38833,seeds/oz,0.00,oz,0.00,,,,,,,,,,,Stems,0.000 st/row ft,$0.00/st,0.0 ,$0.00,$0.00/row ft.,Annual,,,,,,,,,
Flowers,Apiaceae,Ammi (False Queen Anne's Lace),Ammi (False Queen Anne's Lace),Chocolate Lace,Greenhouse Sow,,03/18/2020,,,,,,,,05/06/2020,100,42,08/14/2020,09/25/2020,20 bed ft.,"The Back Field,L7,Block Filler,Beds 2",12.0,in,4,1.17,72 cell flats,2,5,84,168,38833,seeds/oz,0.00,oz,0.00,,,,,,,,,,,Stems,0.000 st/row ft,$0.00/st,0.0 ,$0.00,$0.00/row ft.,Annual,,,,,,,,,
Flowers,Ranunculaceae,Anemone,Mid Blooming,De Caen Blue White Mix,Direct Sow,,,,,,,,,,03/09/2020,56,42,05/04/2020,06/15/2020,3 bed ft.,"The Back Field,L2,Block Anem,Beds 1",9.0,in,5,0.0,,,,,20,0,,0.00,,0.00,,,,,,,,,,,Stems,0.000 st/row ft,$0.00/st,0.0 ,$0.00,$0.00/row ft.,Annual,,,,,,,,,
Flowers,Ranunculaceae,Anemone,Mid Blooming,Lord Lieutenant,Direct Sow,,,,,,,,,,03/09/2020,56,42,05/04/2020,06/15/2020,2 bed ft.,"The Back Field,L2,Block Anem,Beds 2",9.0,in,5,0.0,,,,,13,0,,0.00,,0.00,,,,,,,,,,,Stems,0.000 st/row ft,$0.00/st,0.0 ,$0.00,$0.00/row ft.,Annual,,,,,,,,,
Flowers,Ranunculaceae,Anemone,Mid Blooming,De Caen White,Direct Sow,,,,,,,,,,03/09/2020,56,42,05/04/2020,06/15/2020,7 bed ft.,"The Back Field,L2,Block Anem,Beds 3",9.0,in,5,0.0,,,,,47,0,,0.00,,0.00,,,,,,,,,,,Stems,0.000 st/row ft,$0.00/st,0.0 ,$0.00,$0.00/row ft.,Annual,,,,,,,,,
Flowers,Ranunculaceae,Anemone,Mid Blooming,Mix Super Bag,Direct Sow,,,,,,,,,,03/09/2020,56,42,05/04/2020,06/15/2020,8 bed ft.,"The Back Field,L2,Block Anem,Beds 4",9.0,in,5,0.0,,,,,53,0,,0.00,,0.00,,,,,,,,,,,Stems,0.000 st/row ft,$0.00/st,0.0 ,$0.00,$0.00/row ft.,Annual,,,,,,,,,
Flowers,Asteraceae,Aster,Aster,Apricot Swirl Mix,Greenhouse Sow,,03/07/2020,,,,,,,,04/18/2020,120,21,08/16/2020,09/06/2020,10 bed ft.,"The Back Field,L3,Block Flower,Beds 10",9.0,in,5,0.97,72 cell flats,2,5,70,140,13450,seeds/oz,0.01,oz,0.00,,,,,,,,,,,Stems,0.000 st/row ft,$0.00/st,0.0 ,$0.00,$0.00/row ft.,Annual,,,,,,,,,
Flowers,Asteraceae,Aster,Aster,Harlekin Violet,Greenhouse Sow,,03/07/2020,,,,,,,,04/18/2020,120,21,08/16/2020,09/06/2020,10 bed ft.,"The Back Field,L3,No Block,Beds 11",9.0,in,5,0.97,72 cell flats,2,5,70,140,13450,seeds/oz,0.01,oz,0.00,,,,,,,,,,,Stems,0.000 st/row ft,$0.00/st,0.0 ,$0.00,$0.00/row ft.,Annual,,,,,,,,,
Flowers,Asteraceae,Aster,Aster,Chamois Apricot,Greenhouse Sow,,04/01/2020,,,,,,,,05/13/2020,120,21,09/10/2020,10/01/2020,10 bed ft.,"The Back Field,L5,Block Flower,Beds 4",9.0,in,5,0.97,72 cell flats,2,5,70,140,13450,seeds/oz,0.01,oz,0.00,,,,,,,,,,,Stems,0.000 st/row ft,$0.00/st,0.0 ,$0.00,$0.00/row ft.,Annual,,,,,,,,,
Flowers,Asteraceae,Aster,Aster,Valkyrie Pink,Greenhouse Sow,,04/01/2020,,,,,,,,05/13/2020,120,21,09/10/2020,10/01/2020,10 bed ft.,"The Back Field,L5,Block Flower,Beds 5",9.0,in,5,0.97,72 cell flats,2,5,70,140,13450,seeds/oz,0.01,oz,0.00,,,,,,,,,,,Stems,0.000 st/row ft,$0.00/st,0.0 ,$0.00,$0.00/row ft.,Annual,,,,,,,,,
Flowers,Chenopodiaceae,Atriplex (Cut flower),Atriplex (Cut flower),Caramel Apple Mix,Greenhouse Sow,,03/12/2020,,,,,,,,04/16/2020,110,60,08/04/2020,10/03/2020,10 bed ft.,"The Back Field,L9,Block Folage,Beds 2",12.0,in,4,0.58,72 cell flats,2,5,42,84,12800,seeds/oz,0.01,oz,0.00,,,,,,,,,,,Stems,0.000 st/row ft,$0.00/st,0.0 ,$0.00,$0.00/row ft.,Annual,,,,,,,,,
Herbs,Lamiaceae,Basil,Basil,Mrs. Burns' Lemon,Direct Sow,Full-Size,,,,,,,,,05/29/2020,70,28,08/07/2020,09/04/2020,10 bed ft.,"The Back Field,L10,Block Folage,Beds 6",9.0,in,5,0.0,,,,,67,22342,seeds/oz,0.00,oz,0.00,,,,,,,,,,,Ounces,0.000 oz/row ft,$0.00/oz,0.0 ,$0.00,$0.00/row ft.,Annual,,,,,,,,,
Herbs,Lamiaceae,Basil,Basil,Aromatto,Direct Sow,Full-Size,,,,,,,,,06/19/2020,80,21,09/07/2020,09/28/2020,10 bed ft.,"The Back Field,L10,Block Folage,Beds 8",9.0,in,5,0.0,,,,,67,22342,seeds/oz,0.00,oz,0.00,,,,,,,,,,,Ounces,0.000 oz/row ft,$0.00/oz,0.0 ,$0.00,$0.00/row ft.,Annual,,,,,,,,,
Herbs,Lamiaceae,Basil,Basil,Mrs. Burns' Lemon,Direct Sow,Full-Size,,,,,,,,,06/19/2020,70,28,08/28/2020,09/25/2020,10 bed ft.,"The Back Field,L10,Block Folage,Beds 7",9.0,in,5,0.0,,,,,67,22342,seeds/oz,0.00,oz,0.00,,,,,,,,,,,Ounces,0.000 oz/row ft,$0.00/oz,0.0 ,$0.00,$0.00/row ft.,Annual,,,,,,,,,
Flowers,Amaranthaceae,Celosia,Celosia,Cockscomb Coral Reef,Greenhouse Sow,,03/27/2020,,,,,,,,05/08/2020,95,17,08/11/2020,08/28/2020,10 bed ft.,"The Back Field,L5,Block Flower,Beds 3",12.0,in,4,0.58,72 cell flats,2,5,42,84,40173,seeds/oz,0.00,oz,0.00,,,,,,,,,,,Stems,0.000 st/row ft,$0.00/st,0.0 ,$0.00,$0.00/row ft.,Annual,,,,,,,,,
Flowers,Amaranthaceae,Celosia,Celosia,Pampas Plume,Greenhouse Sow,,04/02/2020,,,,,,,,06/04/2020,95,17,09/07/2020,09/24/2020,10 bed ft.,"The Back Field,L5,Block Flower,Beds 9",12.0,in,4,0.58,72 cell flats,2,5,42,84,40173,seeds/oz,0.00,oz,0.00,,,,,,,,,,,Stems,0.000 st/row ft,$0.00/st,0.0 ,$0.00,$0.00/row ft.,Annual,,,,,,,,,
Flowers,Amaranthaceae,Celosia,Celosia,Texas Plume Summer Sherbert,Greenhouse Sow,,04/08/2020,,,,,,,,06/10/2020,95,17,09/13/2020,09/30/2020,10 bed ft.,"The Back Field,L5,Block Flower,Beds 10",12.0,in,4,0.58,72 cell flats,2,5,42,84,40173,seeds/oz,0.00,oz,0.00,,,,,,,,,,,Stems,0.000 st/row ft,$0.00/st,0.0 ,$0.00,$0.00/row ft.,Annual,,,,,,,,,
Flowers,Asteraceae,Cosmos,Cosmos,Double Click Bicolor Pink,Greenhouse Sow,,04/09/2020,,,,,,,,05/07/2020,90,35,08/05/2020,09/09/2020,10 bed ft.,"The Back Field,L5,Block Flower,Beds 1",12.0,in,4,0.58,72 cell flats,2,5,42,84,52160,seeds/oz,0.00,oz,0.00,,,,,,,,,,,Stems,0.000 st/row ft,$0.00/st,0.0 ,$0.00,$0.00/row ft.,Annual,,,,,,,,,
Flowers,Asteraceae,Cosmos,Cosmos,Double Click Snow Puff,Greenhouse Sow,,04/09/2020,,,,,,,,05/07/2020,90,35,08/05/2020,09/09/2020,10 bed ft.,"The Back Field,L5,Block Flower,Beds 2",12.0,in,4,0.58,72 cell flats,2,5,42,84,52160,seeds/oz,0.00,oz,0.00,,,,,,,,,,,Stems,0.000 st/row ft,$0.00/st,0.0 ,$0.00,$0.00/row ft.,Annual,,,,,,,,,
Flowers,Asteraceae,Cosmos,Cosmos,Cupcake Blush,Greenhouse Sow,,04/09/2020,,,,,,,,05/07/2020,90,35,08/05/2020,09/09/2020,10 bed ft.,"The Back Field,L4,Block Flower,Beds 10",12.0,in,4,0.58,72 cell flats,2,5,42,84,52160,seeds/oz,0.00,oz,0.00,,,,,,,,,,,Stems,0.000 st/row ft,$0.00/st,0.0 ,$0.00,$0.00/row ft.,Annual,,,,,,,,,
Flowers,Asteraceae,Cosmos,Cosmos,Rubenza,Greenhouse Sow,,04/30/2020,,,,,,,,05/28/2020,90,35,08/26/2020,09/30/2020,10 bed ft.,"The Back Field,L5,Block Flower,Beds 8",12.0,in,4,0.58,72 cell flats,2,5,42,84,52160,seeds/oz,0.00,oz,0.00,,,,,,,,,,,Stems,0.000 st/row ft,$0.00/st,0.0 ,$0.00,$0.00/row ft.,Annual,,,,,,,,,
Flowers,Asteraceae,Cosmos,Cosmos,Apricot Lemonade,Greenhouse Sow,,04/30/2020,,,,,,,,05/28/2020,90,35,08/26/2020,09/30/2020,10 bed ft.,"The Back Field,L5,Block Flower,Beds 6",12.0,in,4,0.58,72 cell flats,2,5,42,84,52160,seeds/oz,0.00,oz,0.00,,,,,,,,,,,Stems,0.000 st/row ft,$0.00/st,0.0 ,$0.00,$0.00/row ft.,Annual,,,,,,,,,
Flowers,Asteraceae,Cosmos,Cosmos,Double Click Mix,Greenhouse Sow,,04/30/2020,,,,,,,,05/28/2020,90,35,08/26/2020,09/30/2020,10 bed ft.,"The Back Field,L5,Block Flower,Beds 7",12.0,in,4,0.58,72 cell flats,2,5,42,84,52160,seeds/oz,0.00,oz,0.00,,,,,,,,,,,Stems,0.000 st/row ft,$0.00/st,0.0 ,$0.00,$0.00/row ft.,Annual,,,,,,,,,
Vegetables,Brassicaceae,Cress,Cress,Emerald Beads,Direct Sow,Full-Size,,,,,,,,,05/07/2020,90,14,08/05/2020,08/19/2020,10 bed ft.,"The Back Field,L7,Block Filler,Beds 4",9.0,in,5,0.0,,,,,67,15433,seeds/oz,0.00,oz,0.00,,,,,,,,,,,Pounds,0.000 lb/row ft,$0.00/lb,0.0 ,$0.00,$0.00/row ft.,Annual,,,,,,,,,
Vegetables,Brassicaceae,Cress,Cress,Wrinkled Crinkled,Direct Sow,Full-Size,,,,,,,,,05/07/2020,60,14,07/06/2020,07/20/2020,10 bed ft.,"The Back Field,L7,Block Filler,Beds 5",9.0,in,5,0.0,,,,,67,15433,seeds/oz,0.00,oz,0.00,,,,,,,,,,,Pounds,0.000 lb/row ft,$0.00/lb,0.0 ,$0.00,$0.00/row ft.,Annual,,,,,,,,,
Vegetables,Brassicaceae,Cress,Cress,Emerald Beads,Direct Sow,Full-Size,,,,,,,,,06/18/2020,90,14,09/16/2020,09/30/2020,10 bed ft.,"The Back Field,L8,Block Filler,Beds 5",9.0,in,5,0.0,,,,,67,15433,seeds/oz,0.00,oz,0.00,,,,,,,,,,,Pounds,0.000 lb/row ft,$0.00/lb,0.0 ,$0.00,$0.00/row ft.,Annual,,,,,,,,,
Vegetables,Brassicaceae,Cress,Cress,Pennycress,Direct Sow,Full-Size,,,,,,,,,06/18/2020,60,14,08/17/2020,08/31/2020,10 bed ft.,"The Back Field,L8,Block Filler,Beds 6",9.0,in,5,0.0,,,,,67,15433,seeds/oz,0.00,oz,0.00,,,,,,,,,,,Pounds,0.000 lb/row ft,$0.00/lb,0.0 ,$0.00,$0.00/row ft.,Annual,,,,,,,,,
Vegetables,Brassicaceae,Cress,Cress,Wrinkled Crinkled,Direct Sow,Full-Size,,,,,,,,,07/09/2020,60,14,09/07/2020,09/21/2020,10 bed ft.,"The Back Field,L8,Block Filler,Beds 10",9.0,in,5,0.0,,,,,67,15433,seeds/oz,0.00,oz,0.00,,,,,,,,,,,Pounds,0.000 lb/row ft,$0.00/lb,0.0 ,$0.00,$0.00/row ft.,Annual,,,,,,,,,
Vegetables,Brassicaceae,Cress,Cress,Pennycress,Direct Sow,Full-Size,,,,,,,,,07/09/2020,60,14,09/07/2020,09/21/2020,10 bed ft.,"The Back Field,L8,Block Filler,Beds 9",9.0,in,5,0.0,,,,,67,15433,seeds/oz,0.00,oz,0.00,,,,,,,,,,,Pounds,0.000 lb/row ft,$0.00/lb,0.0 ,$0.00,$0.00/row ft.,Annual,,,,,,,,,
Flowers,Asteraceae,Dahlias,Mid Blooming,Giant Hybrid Mix (seed),Greenhouse Sow,,04/05/2020,,,,,,,,05/07/2020,90,60,08/05/2020,10/04/2020,20 bed ft.,"The Back Field,L1,Block Dah seed,Beds 21",12.0,in,4,1.17,72 cell flats,2,5,84,168,0,,0.00,,0.00,,,,,,,,,,,Stems,0.000 st/row ft,$0.00/st,0.0 ,$0.00,$0.00/row ft.,Annual,,,,,,,,,
Flowers,Asteraceae,Dahlias,Mid Blooming,Black Satin (Sm 2-4”),Direct Sow,,,,,,,,,,05/07/2020,90,60,08/05/2020,10/04/2020,4 bed ft.,"The Back Field,L1,Block Dah,Beds 1",16.0,in,3,0.0,,,,,9,0,,0.00,,0.00,,,,,,,,,,,Stems,0.000 st/row ft,$0.00/st,0.0 ,$0.00,$0.00/row ft.,Annual,,,,,,,,,
Flowers,Asteraceae,Dahlias,Mid Blooming,Café Au Lait (XL),Direct Sow,,,,,,,,,,05/07/2020,90,60,08/05/2020,10/04/2020,4 bed ft.,"The Back Field,L1,Block Dah,Beds 16",16.0,in,3,0.0,,,,,9,0,,0.00,,0.00,,,,,,,,,,,Stems,0.000 st/row ft,$0.00/st,0.0 ,$0.00,$0.00/row ft.,Annual,,,,,,,,,
Flowers,Asteraceae,Dahlias,Mid Blooming,Cornel (Sm 4”),Direct Sow,,,,,,,,,,05/07/2020,90,60,08/05/2020,10/04/2020,4 bed ft.,"The Back Field,L1,Block Dah,Beds 2",16.0,in,3,0.0,,,,,9,0,,0.00,,0.00,,,,,,,,,,,Stems,0.000 st/row ft,$0.00/st,0.0 ,$0.00,$0.00/row ft.,Annual,,,,,,,,,
Flowers,Asteraceae,Dahlias,Mid Blooming,Franz Kafka (Sm 2-3”),Direct Sow,,,,,,,,,,05/07/2020,90,60,08/05/2020,10/04/2020,4 bed ft.,"The Back Field,L1,Block Dah,Beds 4",16.0,in,3,0.0,,,,,9,0,,0.00,,0.00,,,,,,,,,,,Stems,0.000 st/row ft,$0.00/st,0.0 ,$0.00,$0.00/row ft.,Annual,,,,,,,,,
Flowers,Asteraceae,Dahlias,Mid Blooming,Jan Ryecroft (Sm 4”),Direct Sow,,,,,,,,,,05/07/2020,90,60,08/05/2020,10/04/2020,4 bed ft.,"The Back Field,L1,Block Dah,Beds 6",16.0,in,3,0.0,,,,,9,0,,0.00,,0.00,,,,,,,,,,,Stems,0.000 st/row ft,$0.00/st,0.0 ,$0.00,$0.00/row ft.,Annual,,,,,,,,,
Flowers,Asteraceae,Dahlias,Mid Blooming,Lancresse (Med 4-6“),Direct Sow,,,,,,,,,,05/07/2020,90,60,08/05/2020,10/04/2020,4 bed ft.,"The Back Field,L1,Block Dah,Beds 11",16.0,in,3,0.0,,,,,9,0,,0.00,,0.00,,,,,,,,,,,Stems,0.000 st/row ft,$0.00/st,0.0 ,$0.00,$0.00/row ft.,Annual,,,,,,,,,
Flowers,Asteraceae,Dahlias,Mid Blooming,Peaches n Cream (Med 4-6“),Direct Sow,,,,,,,,,,05/07/2020,90,60,08/05/2020,10/04/2020,4 bed ft.,"The Back Field,L1,Block Dah,Beds 13",16.0,in,3,0.0,,,,,9,0,,0.00,,0.00,,,,,,,,,,,Stems,0.000 st/row ft,$0.00/st,0.0 ,$0.00,$0.00/row ft.,Annual,,,,,,,,,
Flowers,Asteraceae,Dahlias,Mid Blooming,Shiloh Noelle (XL 10”),Direct Sow,,,,,,,,,,05/07/2020,90,60,08/05/2020,10/04/2020,4 bed ft.,"The Back Field,L1,Block Dah,Beds 20",16.0,in,3,0.0,,,,,9,0,,0.00,,0.00,,,,,,,,,,,Stems,0.000 st/row ft,$0.00/st,0.0 ,$0.00,$0.00/row ft.,Annual,,,,,,,,,
Flowers,Asteraceae,Dahlias,Mid Blooming,Thomas Edison (Med 6”),Direct Sow,,,,,,,,,,05/07/2020,90,60,08/05/2020,10/04/2020,4 bed ft.,"The Back Field,L1,Block Dah,Beds 15",16.0,in,3,0.0,,,,,9,0,,0.00,,0.00,,,,,,,,,,,Stems,0.000 st/row ft,$0.00/st,0.0 ,$0.00,$0.00/row ft.,Annual,,,,,,,,,
Flowers,Asteraceae,Dahlias,Mid Blooming,BoomBoom White (Med 6”),Direct Sow,,,,,,,,,,05/07/2020,90,60,08/05/2020,10/04/2020,4 bed ft.,"The Back Field,L1,Block Dah,Beds 9",16.0,in,3,0.0,,,,,9,0,,0.00,,0.00,,,,,,,,,,,Stems,0.000 st/row ft,$0.00/st,0.0 ,$0.00,$0.00/row ft.,Annual,,,,,,,,,
Flowers,Asteraceae,Dahlias,Mid Blooming,Conn.Coral (Med),Direct Sow,,,,,,,,,,05/07/2020,90,60,08/05/2020,10/04/2020,4 bed ft.,"The Back Field,L1,Block Dah,Beds 10",16.0,in,3,0.0,,,,,9,0,,0.00,,0.00,,,,,,,,,,,Stems,0.000 st/row ft,$0.00/st,0.0 ,$0.00,$0.00/row ft.,Annual,,,,,,,,,
Flowers,Asteraceae,Dahlias,Mid Blooming,Dorothy (Sm),Direct Sow,,,,,,,,,,05/07/2020,90,60,08/05/2020,10/04/2020,4 bed ft.,"The Back Field,L1,Block Dah,Beds 3",16.0,in,3,0.0,,,,,9,0,,0.00,,0.00,,,,,,,,,,,Stems,0.000 st/row ft,$0.00/st,0.0 ,$0.00,$0.00/row ft.,Annual,,,,,,,,,
Flowers,Asteraceae,Dahlias,Mid Blooming,Hamari Gold (XL 10”),Direct Sow,,,,,,,,,,05/07/2020,90,60,08/05/2020,10/04/2020,4 bed ft.,"The Back Field,L1,Block Dah,Beds 17",16.0,in,3,0.0,,,,,9,0,,0.00,,0.00,,,,,,,,,,,Stems,0.000 st/row ft,$0.00/st,0.0 ,$0.00,$0.00/row ft.,Annual,,,,,,,,,
Flowers,Asteraceae,Dahlias,Mid Blooming,Lady Natalie (Sm 4”),Direct Sow,,,,,,,,,,05/07/2020,90,60,08/05/2020,10/04/2020,4 bed ft.,"The Back Field,L1,Block Dah,Beds 7",16.0,in,3,0.0,,,,,9,0,,0.00,,0.00,,,,,,,,,,,Stems,0.000 st/row ft,$0.00/st,0.0 ,$0.00,$0.00/row ft.,Annual,,,,,,,,,
Flowers,Asteraceae,Dahlias,Mid Blooming,Mystique (Med 4-6“),Direct Sow,,,,,,,,,,05/07/2020,90,60,08/05/2020,10/04/2020,4 bed ft.,"The Back Field,L1,Block Dah,Beds 12",16.0,in,3,0.0,,,,,9,0,,0.00,,0.00,,,,,,,,,,,Stems,0.000 st/row ft,$0.00/st,0.0 ,$0.00,$0.00/row ft.,Annual,,,,,,,,,
Flowers,Asteraceae,Dahlias,Mid Blooming,Penhill Watermelon (XL 10”),Direct Sow,,,,,,,,,,05/07/2020,90,60,08/05/2020,10/04/2020,4 bed ft.,"The Back Field,L1,Block Dah,Beds 19",16.0,in,3,0.0,,,,,9,0,,0.00,,0.00,,,,,,,,,,,Stems,0.000 st/row ft,$0.00/st,0.0 ,$0.00,$0.00/row ft.,Annual,,,,,,,,,
Flowers,Asteraceae,Dahlias,Mid Blooming,Sweet Nathalie (Med. 5”),Direct Sow,,,,,,,,,,05/07/2020,90,60,08/05/2020,10/04/2020,4 bed ft.,"The Back Field,L1,Block Dah,Beds 14",16.0,in,3,0.0,,,,,9,0,,0.00,,0.00,,,,,,,,,,,Stems,0.000 st/row ft,$0.00/st,0.0 ,$0.00,$0.00/row ft.,Annual,,,,,,,,,
Flowers,Asteraceae,Dahlias,Mid Blooming,Wizard of Oz (Sm 3”),Direct Sow,,,,,,,,,,05/07/2020,90,60,08/05/2020,10/04/2020,4 bed ft.,"The Back Field,L1,Block Dah,Beds 8",16.0,in,3,0.0,,,,,9,0,,0.00,,0.00,,,,,,,,,,,Stems,0.000 st/row ft,$0.00/st,0.0 ,$0.00,$0.00/row ft.,Annual,,,,,,,,,
Flowers,Asteraceae,Dahlias,Mid Blooming,Otto’s Thrill (XL),Direct Sow,,,,,,,,,,05/07/2020,90,60,08/05/2020,10/04/2020,4 bed ft.,"The Back Field,L1,Block Dah,Beds 18",16.0,in,3,0.0,,,,,9,0,,0.00,,0.00,,,,,,,,,,,Stems,0.000 st/row ft,$0.00/st,0.0 ,$0.00,$0.00/row ft.,Annual,,,,,,,,,
Flowers,Asteraceae,Dahlias,Mid Blooming,Golden Scepter (Sm 2”),Direct Sow,,,,,,,,,,05/07/2020,90,60,08/05/2020,10/04/2020,4 bed ft.,"The Back Field,L1,Block Dah,Beds 5",16.0,in,3,0.0,,,,,9,0,,0.00,,0.00,,,,,,,,,,,Stems,0.000 st/row ft,$0.00/st,0.0 ,$0.00,$0.00/row ft.,Annual,,,,,,,,,
Flowers,Asteraceae,Dusty Miller,Dusty Miller,New Look,Greenhouse Sow,,02/25/2020,,,,,,,,05/05/2020,120,33,09/02/2020,10/05/2020,20 bed ft.,"The Back Field,L10,Block Folage,Beds 2",9.0,in,5,1.94,72 cell flats,2,5,140,279,0,,0.00,,0.00,,,,,,,,,,,Stems,0.000 st/row ft,$0.00/st,0.0 ,$0.00,$0.00/row ft.,Annual,,,,,,,,,
Flowers,Myrtaceae,Eucalyptus,Eucalyptus,Parviflora,Greenhouse Sow,,02/17/2020,,,,,,,,04/27/2020,125,36,08/30/2020,10/05/2020,20 bed ft.,"The Back Field,L9,Block Folage,Beds 6",18.0,in,3,0.58,72 cell flats,2,5,42,84,44000,seeds/oz,0.00,oz,0.00,,,,,,,,,,,Stems,0.000 st/row ft,$0.00/st,0.0 ,$0.00,$0.00/row ft.,Annual,,,,,"Eucalyptus

SOW:

Transplant (recommended).  Sow seed into cell trays or open flats 10-22 weeks before last frost. Cover seeds lightly with fine vermiculite. Bottom water or mist to avoid covering seed with displaced soil. If started in open flats, transplant to cell packs or 3-4"" containers when the first true leaves appear.  Harden off and transplant outside after the last frost.  Black plastic mulch is recommended in areas with short growing seasons. Eucalyptus may be grown as a perennial in areas that receive no frost.  

HARVEST:

Fresh: Harvest anytime after leaves start to feel leathery.  Easily preserved with glycerin. 

tag: sow-grow-harvest",,,,
Flowers,Myrtaceae,Eucalyptus,Eucalyptus,Silver Dollar,Greenhouse Sow,,02/17/2020,,,,,,,,04/27/2020,125,36,08/30/2020,10/05/2020,20 bed ft.,"The Back Field,L9,Block Folage,Beds 5",18.0,in,3,0.58,72 cell flats,2,5,42,84,44000,seeds/oz,0.00,oz,0.00,,,,,,,,,,,Stems,0.000 /row ft,$0.00/st,0.0 ,$0.00,$0.00/row ft.,Annual,,,,,"Eucalyptus

SOW:

Transplant (recommended).  Sow seed into cell trays or open flats 10-22 weeks before last frost. Cover seeds lightly with fine vermiculite. Bottom water or mist to avoid covering seed with displaced soil. If started in open flats, transplant to cell packs or 3-4"" containers when the first true leaves appear.  Harden off and transplant outside after the last frost.  Black plastic mulch is recommended in areas with short growing seasons. Eucalyptus may be grown as a perennial in areas that receive no frost.  

HARVEST:

Fresh: Harvest anytime after leaves start to feel leathery.  Easily preserved with glycerin. 

tag: sow-grow-harvest",,,,
Flowers,Geraniaceae,Geranium (scented),Geranium (scented),Scented Geranium,Greenhouse Sow,,03/02/2020,,,,,,,,04/13/2020,100,75,07/22/2020,10/05/2020,20 bed ft.,"The Back Field,L9,Block Folage,Beds 1",12.0,in,4,1.17,72 cell flats,2,5,84,168,93255,seeds/oz,0.00,oz,0.00,,,,,,,,,,,Stems,0.000 st/row ft,$0.00/st,0.0 ,$0.00,$0.00/row ft.,Annual,,,,,,,,,
Flowers,Amaranthaceae,Gomphrena (Globe Amaranth),Gomphrena (Globe Amaranth),Sunset Mix,Greenhouse Sow,,03/26/2020,,,,,,,,04/23/2020,100,63,08/01/2020,10/03/2020,10 bed ft.,"The Back Field,L4,Block Flower,Beds 4",9.0,in,5,0.97,72 cell flats,2,5,70,140,8000,seeds/oz,0.02,oz,0.00,,,,,,,,,,,Stems,0.000 st/row ft,$0.00/st,0.0 ,$0.00,$0.00/row ft.,Annual,,,,,,,,,
Flowers,Amaranthaceae,Gomphrena (Globe Amaranth),Gomphrena (Globe Amaranth),Pastel Mix,Greenhouse Sow,,03/26/2020,,,,,,,,04/23/2020,100,63,08/01/2020,10/03/2020,10 bed ft.,"The Back Field,L4,Block Flower,Beds 3",9.0,in,5,0.97,72 cell flats,2,5,70,140,8000,seeds/oz,0.02,oz,0.00,,,,,,,,,,,Stems,0.000 st/row ft,$0.00/st,0.0 ,$0.00,$0.00/row ft.,Annual,,,,,,,,,
Flowers,Amaranthaceae,Gomphrena (Globe Amaranth),Gomphrena (Globe Amaranth),White,Greenhouse Sow,,03/26/2020,,,,,,,,04/23/2020,100,63,08/01/2020,10/03/2020,10 bed ft.,"The Back Field,L4,Block Flower,Beds 5",9.0,in,5,0.97,72 cell flats,2,5,70,140,8000,seeds/oz,0.02,oz,0.00,,,,,,,,,,,Stems,0.000 st/row ft,$0.00/st,0.0 ,$0.00,$0.00/row ft.,Annual,,,,,,,,,
Flowers,Caryophyllaceae,Gypsophila (Baby's Breath),Gypsophila (Baby's Breath),Covent Garden Market,Direct Sow,,,,,,,,,,05/21/2020,60,38,07/20/2020,08/27/2020,10 bed ft.,"The Back Field,L8,Block Filler,Beds 1",9.0,in,5,0.0,,,,,67,26400,seeds/oz,0.00,oz,,,,,,,,,,,,Stems,0.000 st/row ft,$0.00/st,0.0 ,$0.00,$0.00/row ft.,Annual,,,,,,,,,
Flowers,Caryophyllaceae,Gypsophila (Baby's Breath),Gypsophila (Baby's Breath),Covent Garden Market,Direct Sow,,,,,,,,,,06/29/2020,60,38,08/28/2020,10/05/2020,10 bed ft.,"The Back Field,L8,Block Filler,Beds 7",9.0,in,5,0.0,,,,,67,26400,seeds/oz,0.00,oz,,,,,,,,,,,,Stems,0.000 st/row ft,$0.00/st,0.0 ,$0.00,$0.00/row ft.,Annual,,,,,,,,,
Flowers,Ranunculaceae,Larkspur,Larkspur,White Cloud,Direct Sow,,,,,,,,,,04/23/2020,115,49,08/16/2020,10/04/2020,40 bed ft.,"The Back Field,L6,Block Filler,Beds 4",9.0,in,5,0.0,,,,,267,11100,seeds/oz,0.02,oz,,,,,,,,,,,,Stems,0.000 st/row ft,$0.00/st,0.0 ,$0.00,$0.00/row ft.,Annual,,,,,,,,,
Flowers,Resedaceae,Mignonette,Mignonette,Mignonette Standard,Greenhouse Sow,,04/13/2020,,,,,,,,05/18/2020,65,14,07/22/2020,08/05/2020,10 bed ft.,"The Back Field,L7,Block Filler,Beds 6",9.0,in,5,0.97,72 cell flats,5,5,70,349,0,,0.00,,0.00,,,,,,,,,,,Stems,0.000 st/row ft,$0.00/st,0.0 ,$0.00,$0.00/row ft.,Annual,,,,,,,,,
Flowers,Resedaceae,Mignonette,Mignonette,White Mignonette,Greenhouse Sow,,04/13/2020,,,,,,,,05/18/2020,65,14,07/22/2020,08/05/2020,10 bed ft.,"The Back Field,L7,Block Filler,Beds 7",9.0,in,5,0.97,72 cell flats,5,5,70,349,0,,0.00,,0.00,,,,,,,,,,,Stems,0.000 st/row ft,$0.00/st,0.0 ,$0.00,$0.00/row ft.,Annual,,,,,,,,,
Flowers,Resedaceae,Mignonette,Mignonette,Mignonette Standard,Greenhouse Sow,,05/05/2020,,,,,,,,06/09/2020,65,14,08/13/2020,08/27/2020,10 bed ft.,"The Back Field,L8,Block Filler,Beds 3",9.0,in,5,0.97,72 cell flats,5,5,70,349,0,,0.00,,0.00,,,,,,,,,,,Stems,0.000 st/row ft,$0.00/st,0.0 ,$0.00,$0.00/row ft.,Annual,,,,,,,,,
Flowers,Resedaceae,Mignonette,Mignonette,White Mignonette,Greenhouse Sow,,05/05/2020,,,,,,,,06/09/2020,65,14,08/13/2020,08/27/2020,10 bed ft.,"The Back Field,L8,Block Filler,Beds 4",9.0,in,5,0.97,72 cell flats,5,5,70,349,0,,0.00,,0.00,,,,,,,,,,,Stems,0.000 st/row ft,$0.00/st,0.0 ,$0.00,$0.00/row ft.,Annual,,,,,,,,,
Flowers,Resedaceae,Mignonette,Mignonette,White Mignonette,Greenhouse Sow,,05/29/2020,,,,,,,,07/03/2020,65,14,09/06/2020,09/20/2020,10 bed ft.,"The Back Field,L8,Block Filler,Beds 8",9.0,in,5,0.97,72 cell flats,5,5,70,349,0,,0.00,,0.00,,,,,,,,,,,Stems,0.000 st/row ft,$0.00/st,0.0 ,$0.00,$0.00/row ft.,Annual,,,,,,,,,
Flowers,Solanaceae,Nicandra Physalodes,Nicandra Physalodes,Apple of Peru,Greenhouse Sow,,03/19/2020,,,,,,,,04/23/2020,100,60,08/01/2020,09/30/2020,20 bed ft.,"The Back Field,L9,Block Folage,Beds 4",12.0,in,4,1.17,72 cell flats,2,5,84,168,0,,0.00,,0.00,,,,,,,,,,,Stems,0.000 st/row ft,$0.00/st,0.0 ,$0.00,$0.00/row ft.,Annual,,,,,,,,,
Flowers,Poaceae,Ornamental Grasses,Ornamental Grasses,Frosted Explosion,Greenhouse Sow,,03/16/2020,,,,,,,,04/27/2020,110,28,08/15/2020,09/12/2020,10 bed ft.,"The Back Field,L10,Block Folage,Beds 1",9.0,in,5,0.97,72 cell flats,2,5,70,140,38300,seeds/oz,0.00,oz,0.00,,,,,,,,,,,Stems,0.000 st/row ft,$0.00/st,0.0 ,$0.00,$0.00/row ft.,Annual,,,,,,,,,
Flowers,Poaceae,Ornamental Grasses,Ornamental Grasses,Frosted Explosion,Greenhouse Sow,,04/06/2020,,,,,,,,05/18/2020,110,28,09/05/2020,10/03/2020,10 bed ft.,"The Back Field,L10,Block Folage,Beds 3",9.0,in,5,0.97,72 cell flats,2,5,70,140,38300,seeds/oz,0.00,oz,0.00,,,,,,,,,,,Stems,0.000 st/row ft,$0.00/st,0.0 ,$0.00,$0.00/row ft.,Annual,,,,,,,,,
Flowers,Ranunculaceae,Ranunculus,Ranunculus,Bridal Mix,Direct Sow,,,,,,,,,,04/30/2020,56,63,06/25/2020,08/27/2020,20 bed ft.,"The Back Field,L2,Block Ranu,Beds 5",8.0,in,5,0.0,,,,,150,0,,0.00,,0.00,,,,,,,,,,,Stems,0.000 st/row ft,$0.00/st,0.0 ,$0.00,$0.00/row ft.,Annual,,,,,,,,,
Flowers,Ranunculaceae,Ranunculus,Ranunculus,Purple/ White Picotee,Direct Sow,,,,,,,,,,04/30/2020,56,63,06/25/2020,08/27/2020,15 bed ft.,"The Back Field,L2,Block Ranu,Beds 6",8.0,in,5,0.0,,,,,113,0,,0.00,,0.00,,,,,,,,,,,Stems,0.000 st/row ft,$0.00/st,0.0 ,$0.00,$0.00/row ft.,Annual,,,,,,,,,
Flowers,Ranunculaceae,Ranunculus,Ranunculus,Violet,Direct Sow,,,,,,,,,,04/30/2020,56,63,06/25/2020,08/27/2020,5 bed ft.,"The Back Field,L2,Block Ranu,Beds 7",8.0,in,5,0.0,,,,,38,0,,0.00,,0.00,,,,,,,,,,,Stems,0.000 st/row ft,$0.00/st,0.0 ,$0.00,$0.00/row ft.,Annual,,,,,,,,,
Flowers,Ranunculaceae,Ranunculus,Ranunculus,Pink/ White,Direct Sow,,,,,,,,,,04/30/2020,56,63,06/25/2020,08/27/2020,12 bed ft.,"The Back Field,L2,Block Ranu,Beds 8",8.0,in,5,0.0,,,,,90,0,,0.00,,0.00,,,,,,,,,,,Stems,0.000 st/row ft,$0.00/st,0.0 ,$0.00,$0.00/row ft.,Annual,,,,,,,,,
Flowers,Ranunculaceae,Ranunculus,Ranunculus,Romantic Mix,Direct Sow,,,,,,,,,,04/30/2020,56,63,06/25/2020,08/27/2020,10 bed ft.,"The Back Field,L2,Block Ranu,Beds 9",8.0,in,5,0.0,,,,,75,0,,0.00,,0.00,,,,,,,,,,,Stems,0.000 st/row ft,$0.00/st,0.0 ,$0.00,$0.00/row ft.,Annual,,,,,,,,,
Flowers,Ranunculaceae,Ranunculus,Ranunculus,White,Direct Sow,,,,,,,,,,04/30/2020,56,63,06/25/2020,08/27/2020,10 bed ft.,"The Back Field,L2,Block Ranu,Beds 10",8.0,in,5,0.0,,,,,75,0,,0.00,,0.00,,,,,,,,,,,Stems,0.000 st/row ft,$0.00/st,0.0 ,$0.00,$0.00/row ft.,Annual,,,,,,,,,
Flowers,Ranunculaceae,Ranunculus,Ranunculus,Red,Direct Sow,,,,,,,,,,04/30/2020,56,63,06/25/2020,08/27/2020,8 bed ft.,"The Back Field,L2,Block Ranu,Beds 11",8.0,in,5,0.0,,,,,60,0,,0.00,,0.00,,,,,,,,,,,Stems,0.000 st/row ft,$0.00/st,0.0 ,$0.00,$0.00/row ft.,Annual,,,,,,,,,
Flowers,Asteraceae,Rudbeckia (Black-Eyed Susan),Rudbeckia (Black-Eyed Susan),Cherry Brandy,Greenhouse Sow,,02/15/2020,,,,,,,,04/11/2020,120,59,08/09/2020,10/07/2020,8 bed ft.,"The Back Field,L3,Block Flower,Beds 5",9.0,in,5,0.78,72 cell flats,1,5,56,56,53200,seeds/oz,0.00,oz,0.00,,,,,,,,,,,Stems,0.000 /row ft,,0.0 ,$0.00,$0.00/row ft.,Annual,,,,,"Rudbeckia (Black-Eyed Susan)

SOW:

* Sow indoors 10 weeks before last spring frost using a seed starting kit
* Sow seeds ¼ inch deep in seed-starting formula
* Keep the soil moist at 70-75 degrees F
* Seedlings emerge in approximately 21 days
* As soon as seedlings emerge, provide plenty of light 
* Seedlings do not need much fertilizer, feed when they are 3-4 weeks old using a starter solution (half strength of a complete indoor houseplant food) according to manufacturer’s directions.
* If you are growing in small cells, you may need to transplant the seedlings to 3 or 4 inch pots when seedlings have at least 2 pairs of true leaves before transplanting to the garden so they have enough room to develop strong roots.
*  harden off before transplanting out.  

Sowing Seed Indoors:
https://www.burpee.com/flowers/rudbeckias/rudbeckia-indian-summer-prod000352.html

GROW:


HARVEST:


tag: sow-grow-harvest",,,,
Flowers,Asteraceae,Rudbeckia (Black-Eyed Susan),Rudbeckia (Black-Eyed Susan),Chim Chiminee Mix,Greenhouse Sow,,02/15/2020,,,,,,,,04/11/2020,120,59,08/09/2020,10/07/2020,8 bed ft.,"The Back Field,L3,Block Flower,Beds 4",9.0,in,5,0.78,72 cell flats,1,5,56,56,53200,seeds/oz,0.00,oz,0.00,,,,,,,,,,,Stems,0.000 /row ft,,0.0 ,$0.00,$0.00/row ft.,Annual,,,,,"Rudbeckia (Black-Eyed Susan)

SOW:

* Sow indoors 10 weeks before last spring frost using a seed starting kit
* Sow seeds ¼ inch deep in seed-starting formula
* Keep the soil moist at 70-75 degrees F
* Seedlings emerge in approximately 21 days
* As soon as seedlings emerge, provide plenty of light 
* Seedlings do not need much fertilizer, feed when they are 3-4 weeks old using a starter solution (half strength of a complete indoor houseplant food) according to manufacturer’s directions.
* If you are growing in small cells, you may need to transplant the seedlings to 3 or 4 inch pots when seedlings have at least 2 pairs of true leaves before transplanting to the garden so they have enough room to develop strong roots.
*  harden off before transplanting out.  

Sowing Seed Indoors:
https://www.burpee.com/flowers/rudbeckias/rudbeckia-indian-summer-prod000352.html

GROW:


HARVEST:


tag: sow-grow-harvest",,,,
Flowers,Asteraceae,Rudbeckia (Black-Eyed Susan),Rudbeckia (Black-Eyed Susan),Denver Daisy Film-Coated,Greenhouse Sow,,02/15/2020,,,,,,,,04/11/2020,120,58,08/09/2020,10/06/2020,8 bed ft.,"The Back Field,L3,Block Flower,Beds 6",9.0,in,5,0.78,72 cell flats,1,5,56,56,53200,seeds/oz,0.00,oz,0.00,,,,,,,,,,,Stems,0.000 /row ft,,0.0 ,$0.00,$0.00/row ft.,Annual,,,,,"Rudbeckia (Black-Eyed Susan)

SOW:

* Sow indoors 10 weeks before last spring frost using a seed starting kit
* Sow seeds ¼ inch deep in seed-starting formula
* Keep the soil moist at 70-75 degrees F
* Seedlings emerge in approximately 21 days
* As soon as seedlings emerge, provide plenty of light 
* Seedlings do not need much fertilizer, feed when they are 3-4 weeks old using a starter solution (half strength of a complete indoor houseplant food) according to manufacturer’s directions.
* If you are growing in small cells, you may need to transplant the seedlings to 3 or 4 inch pots when seedlings have at least 2 pairs of true leaves before transplanting to the garden so they have enough room to develop strong roots.
*  harden off before transplanting out.  

Sowing Seed Indoors:
https://www.burpee.com/flowers/rudbeckias/rudbeckia-indian-summer-prod000352.html

GROW:


HARVEST:


tag: sow-grow-harvest",,,,
Flowers,Asteraceae,Rudbeckia (Black-Eyed Susan),Rudbeckia (Black-Eyed Susan),Prairie Sun,Greenhouse Sow,,02/15/2020,,,,,,,,04/11/2020,120,58,08/09/2020,10/06/2020,8 bed ft.,"The Back Field,L3,Block Flower,Beds 7",9.0,in,5,0.78,72 cell flats,1,5,56,56,53200,seeds/oz,0.00,oz,0.00,,,,,,,,,,,Stems,0.000 /row ft,,0.0 ,$0.00,$0.00/row ft.,Annual,,,,,"Rudbeckia (Black-Eyed Susan)

SOW:

* Sow indoors 10 weeks before last spring frost using a seed starting kit
* Sow seeds ¼ inch deep in seed-starting formula
* Keep the soil moist at 70-75 degrees F
* Seedlings emerge in approximately 21 days
* As soon as seedlings emerge, provide plenty of light 
* Seedlings do not need much fertilizer, feed when they are 3-4 weeks old using a starter solution (half strength of a complete indoor houseplant food) according to manufacturer’s directions.
* If you are growing in small cells, you may need to transplant the seedlings to 3 or 4 inch pots when seedlings have at least 2 pairs of true leaves before transplanting to the garden so they have enough room to develop strong roots.
*  harden off before transplanting out.  

Sowing Seed Indoors:
https://www.burpee.com/flowers/rudbeckias/rudbeckia-indian-summer-prod000352.html

GROW:


HARVEST:


tag: sow-grow-harvest",,,,
Flowers,Asteraceae,Rudbeckia (Black-Eyed Susan),Rudbeckia (Black-Eyed Susan),Sahara,Greenhouse Sow,,02/15/2020,,,,,,,,04/11/2020,120,59,08/09/2020,10/07/2020,8 bed ft.,"The Back Field,L3,Block Flower,Beds 8",9.0,in,5,0.78,72 cell flats,1,5,56,56,53200,seeds/oz,0.00,oz,0.00,,,,,,,,,,,Stems,0.000 /row ft,,0.0 ,$0.00,$0.00/row ft.,Annual,,,,,"Rudbeckia (Black-Eyed Susan)

SOW:

* Sow indoors 10 weeks before last spring frost using a seed starting kit
* Sow seeds ¼ inch deep in seed-starting formula
* Keep the soil moist at 70-75 degrees F
* Seedlings emerge in approximately 21 days
* As soon as seedlings emerge, provide plenty of light 
* Seedlings do not need much fertilizer, feed when they are 3-4 weeks old using a starter solution (half strength of a complete indoor houseplant food) according to manufacturer’s directions.
* If you are growing in small cells, you may need to transplant the seedlings to 3 or 4 inch pots when seedlings have at least 2 pairs of true leaves before transplanting to the garden so they have enough room to develop strong roots.
*  harden off before transplanting out.  

Sowing Seed Indoors:
https://www.burpee.com/flowers/rudbeckias/rudbeckia-indian-summer-prod000352.html

GROW:


HARVEST:


tag: sow-grow-harvest",,,,
Flowers,Asteraceae,Rudbeckia (Black-Eyed Susan),Rudbeckia (Black-Eyed Susan),Macau,Greenhouse Sow,,02/17/2020,,,,,,,,04/13/2020,120,58,08/11/2020,10/08/2020,8 bed ft.,"The Back Field,L3,Block Flower,Beds 9",9.0,in,5,0.78,72 cell flats,1,5,56,56,53200,seeds/oz,0.00,oz,0.00,,,,,,,,,,,Stems,0.000 st/row ft,$0.00/st,0.0 ,$0.00,$0.00/row ft.,Annual,,,,,,,,,
Flowers,Dipsacaceae,Scabiosa (Pincushion Flower),Annual,Fata Morgana,Greenhouse Sow,,03/19/2020,,,,,,,,04/30/2020,100,56,08/08/2020,10/03/2020,10 bed ft.,"The Back Field,L4,Block Flower,Beds 6",9.0,in,5,0.0,,,0,66.67,0,4300,seeds/oz,0.00,oz,0.00,,,,,,,,,,,Stems,0.000 st/row ft,$0.00/st,0.0 ,$0.00,$0.00/row ft.,Annual,,,,,,,,,
Flowers,Dipsacaceae,Scabiosa (Pincushion Flower),Annual,Snowmaiden,Greenhouse Sow,,03/19/2020,,,,,,,,04/30/2020,100,56,08/08/2020,10/03/2020,10 bed ft.,"The Back Field,L4,Block Flower,Beds 7",9.0,in,5,0.97,72 cell flats,2,5,70,140,4300,seeds/oz,0.03,oz,0.00,,,,,,,,,,,Stems,0.000 st/row ft,$0.00/st,0.0 ,$0.00,$0.00/row ft.,Annual,,,,,,,,,
Herbs,Lamiaceae,Shiso,Shiso,Perilla Purple Zi Su,Greenhouse Sow,Full-Size,04/20/2020,,,,,,,28,05/18/2020,85,21,08/11/2020,09/01/2020,10 bed ft.,"The Back Field,L7,Block Filler,Beds 8",9.0,in,5,0.97,72 cell flats,2,5,70,140,16693,seeds/oz,0.01,oz,0.00,,,,,,,,,,,Ounces,0.000 oz/row ft,$0.00/oz,0.0 ,$0.00,$0.00/row ft.,Annual,,,,,,,,,
Herbs,Lamiaceae,Shiso,Shiso,Perilla Purple Zi Su,Greenhouse Sow,Full-Size,05/11/2020,,,,,,,28,06/08/2020,85,21,09/01/2020,09/22/2020,10 bed ft.,"The Back Field,L8,Block Filler,Beds 2",9.0,in,5,0.97,72 cell flats,2,5,70,140,16693,seeds/oz,0.01,oz,0.00,,,,,,,,,,,Ounces,0.000 oz/row ft,$0.00/oz,0.0 ,$0.00,$0.00/row ft.,Annual,,,,,,,,,
Flowers,Brassicaceae,Stock,Stock,Avalanche Supreme,Greenhouse Sow,,03/12/2020,,,,,,,,04/23/2020,100,56,08/01/2020,09/26/2020,10 bed ft.,"The Back Field,L4,Block Flower,Beds 1",9.0,in,5,0.97,72 cell flats,2,5,70,140,16855,seeds/oz,0.01,oz,0.00,,,,,,,,,,,Stems,0.000 st/row ft,$0.00/st,0.0 ,$0.00,$0.00/row ft.,Annual,,,,,,,,,
Flowers,Brassicaceae,Stock,Stock,Katz Formula Mix,Greenhouse Sow,,03/12/2020,,,,,,,,04/23/2020,100,56,08/01/2020,09/26/2020,10 bed ft.,"The Back Field,L4,Block Flower,Beds 2",9.0,in,5,0.97,72 cell flats,2,5,70,140,16855,seeds/oz,0.01,oz,0.00,,,,,,,,,,,Stems,0.000 st/row ft,$0.00/st,0.0 ,$0.00,$0.00/row ft.,Annual,,,,,,,,,
Flowers,Talinaceae,Talinum (fame flower),Talinum (fame flower),Jewels of Opar,Greenhouse Sow,,02/17/2020,,,,,,,,03/23/2020,135,90,08/05/2020,11/03/2020,30 bed ft.,"The Back Field,L6,Block Filler,Beds 1",12.0,in,4,1.75,72 cell flats,2,5,126,252,0,,0.00,,0.00,,,,,,,,,,,Stems,0.000 st/row ft,$0.00/st,0.0 ,$0.00,$0.00/row ft.,Annual,,,,,"Talinum (Jewels of Opar)

SOW:

* start 6 to 8 weeks before last frost date 
* use good potting soil, in flats or plug cells
* germination is easy and usually begins within 6 to 14 days
* best temps between 65 and 75 °F (18 and 24 °C).
* do not cover the seeds as light aids germination
* transplant to small pots and grow on until small plants
* harden off before transplanting out. 
* harden so on a cloudy day with likelihood of rain 

GROW:

HARVEST:

Harvest after flowers have dropped and seed pods appear. Expect a vase life of at least a week.

* leaves can be picked eight to nine weeks after seed sowing 
* or as soon as five to six weeks after planting cuttings. 
* they can be continuously harvested over a long season. 
* Jewels of Opar does not bolt, so it is a source of leafy greens far longer than many vegetables. 
* Flower inflorescences should be removed often to continue abundant leaf growth. 
* For seed multiplication, the seeds should be harvested when fruits darken and are dry on the plant. 
* Regular harvesting and planting in containers or other enclosed spaces are ways to mitigate against weediness. 

tag: sow-grow-harvest",,,,
Flowers,Asteraceae,Yarrow,Yarrow,Summer Berries,Greenhouse Sow,,02/20/2020,,,,,,,,04/23/2020,130,28,08/31/2020,09/28/2020,10 bed ft.,"The Back Field,L6,Block Filler,Beds 5",9.0,in,5,0.97,72 cell flats,2,5,70,140,6000,seeds/g,0.02,g,0.00,,,,,,,,,,,Stems,0.000 st/row ft,$0.00/st,0.0 ,$0.00,$0.00/row ft.,Annual,,,,,,,,,
Flowers,Asteraceae,Yarrow,Yarrow,Summer Berries,Greenhouse Sow,,02/20/2020,,,,,,,,04/23/2020,130,28,08/31/2020,09/28/2020,10 bed ft.,"The Back Field,L7,Block Filler,Beds 1",9.0,in,5,0.97,72 cell flats,2,5,70,140,6000,seeds/g,0.02,g,0.00,,,,,,,,,,,Stems,0.000 st/row ft,$0.00/st,0.0 ,$0.00,$0.00/row ft.,Annual,,,,,,,,,
Flowers,Asteraceae,Zinnias,Zinnias,Lilliput Salmon,Greenhouse Sow,,03/12/2020,,,,,,,,04/09/2020,90,63,07/08/2020,09/09/2020,10 bed ft.,"The Back Field,L3,Block Flower,Beds 2",9.0,in,5,0.97,72 cell flats,2,5,70,140,3200,seeds/oz,0.04,oz,0.00,,,,,,,,,,,Stems,0.000 st/row ft,$0.00/st,0.0 ,$0.00,$0.00/row ft.,Annual,,,,,,,,,
Flowers,Asteraceae,Zinnias,Zinnias,Senora™,Greenhouse Sow,,03/12/2020,,,,,,,,04/09/2020,90,63,07/08/2020,09/09/2020,10 bed ft.,"The Back Field,L3,Block Flower,Beds 3",9.0,in,5,0.97,72 cell flats,2,5,70,140,3200,seeds/oz,0.04,oz,0.00,,,,,,,,,,,Stems,0.000 st/row ft,$0.00/st,0.0 ,$0.00,$0.00/row ft.,Annual,,,,,,,,,
Flowers,Asteraceae,Zinnias,Zinnias,Lilliput Mix,Greenhouse Sow,,03/12/2020,,,,,,,,04/09/2020,90,63,07/08/2020,09/09/2020,10 bed ft.,"The Back Field,L3,Block Flower,Beds 1",9.0,in,5,0.97,72 cell flats,2,5,70,140,3200,seeds/oz,0.04,oz,0.00,,,,,,,,,,,Stems,0.000 st/row ft,$0.00/st,0.0 ,$0.00,$0.00/row ft.,Annual,,,,,,,,,
Flowers,Asteraceae,Zinnias,Zinnias,Benary's Giant Salmon Rose,Greenhouse Sow,,04/03/2020,,,,,,,,05/01/2020,90,63,07/30/2020,10/01/2020,10 bed ft.,"The Back Field,L4,Block Flower,Beds 8",9.0,in,5,0.97,72 cell flats,2,5,70,140,3200,seeds/oz,0.04,oz,0.00,,,,,,,,,,,Stems,0.000 st/row ft,$0.00/st,0.0 ,$0.00,$0.00/row ft.,Annual,,,,,,,,,
Flowers,Asteraceae,Zinnias,Zinnias,Queen Lime with Blush,Greenhouse Sow,,04/03/2020,,,,,,,,05/01/2020,90,63,07/30/2020,10/01/2020,10 bed ft.,"The Back Field,L4,Block Flower,Beds 9",9.0,in,5,0.97,72 cell flats,2,5,70,140,3200,seeds/oz,0.04,oz,0.00,,,,,,,,,,,Stems,0.000 st/row ft,$0.00/st,0.0 ,$0.00,$0.00/row ft.,Annual,,,,,,,,,
