Date,Category,Input,Crop,Location,Labor Cost,Input Cost,Total Cost,Description/Manufacturer,OMRI,Application Rate Amount,Application Rate Amount Units,Application Rate Amount Area,Total Cost For Amount,Total Cost For Amount Unit,Seeds Variety,Seeds Organic Treatment,Seeds Seed Company
02/08/2020,Labor,,,,$25.00,,$25.00,It is snowing and we need to clear driveway for guests,,,,,,,,,
02/08/2020,Labor,,,,$50.00,,$50.00,"This weekend I hope to at least do the following:

* attach the wiggle channel to GH frame
* frame up the ends

The plastic cover will have to wait for later, it is snowing and the conditions are bad",,,,,,,,,
02/02/2020,Labor,,,,$100.00,,$100.00,side boards on greenhouse,,,,,,,,,
